{
	"display": {
		"icon": {
			"id": "minecraft:diamond_pickaxe",
			"components": {
				"damage": 1405
			}
		},
		"title": "Durability Ping       ",
		"description": ["",{"text":"Get notified when you damage an item with 10% or less durability.\n","color":"gold"},{"text":"Enter","color":"green"},{"text":" ","color":"gold"},{"text":"/trigger duraPing","color":"yellow"},{"text":" for personal settings.\n","color":"gold"},{"text":"Enter","color":"green"},{"text":" ","color":"gold"},{"text":"/function durability_ping:config","color":"yellow"},{"text":" for config options.","color":"gold"}],
		"show_toast": false,
		"announce_to_chat": false
	},
	"parent": "vanillatweaks:root",
	"criteria": {
		"tick": {
			"trigger": "minecraft:tick"
		}
	}
}
